{
	"configs" : [
		{
			"remarks" : "",
			"id" : "00E0D388C3665EEA2A87BE7A820B148F",
			"server" : "180.188.197.239",
			"server_port" : 8989,
			"server_udp_port" : 0,
			"password" : "88888888",
			"method" : "aes-256-cfb",
			"protocol" : "origin",
			"protocolparam" : "",
			"obfs" : "plain",
			"obfsparam" : "",
			"remarks_base64" : "",
			"group" : "",
			"enable" : true,
			"udp_over_tcp" : false
		},
		{
			"remarks" : "俄罗斯伯力①",
			"id" : "5ECCDC9CBA7F48D0AD3799DFE646F673",
			"server" : "zoto-rs1.shadowsocks-r.me",
			"server_port" : 52543,
			"server_udp_port" : 0,
			"password" : "azuz",
			"method" : "none",
			"protocol" : "auth_chain_a",
			"protocolparam" : "",
			"obfs" : "tls1.2_ticket_auth",
			"obfsparam" : "",
			"remarks_base64" : "5L-E572X5pav5Lyv5Yqb4pGg",
			"group" : "Globalss",
			"enable" : true,
			"udp_over_tcp" : false
		},
		{
			"remarks" : "【新加坡①】微软Azure机房",
			"id" : "3817A5198B57650B0B04A54F457AA94B",
			"server" : "az-sg1.shadowsocks-r.me",
			"server_port" : 52543,
			"server_udp_port" : 0,
			"password" : "azuz",
			"method" : "none",
			"protocol" : "auth_chain_a",
			"protocolparam" : "",
			"obfs" : "tls1.2_ticket_auth",
			"obfsparam" : "",
			"remarks_base64" : "44CQ5paw5Yqg5Z2h4pGg44CR5b6u6L2vQXp1cmXmnLrmiL8",
			"group" : "Globalss",
			"enable" : true,
			"udp_over_tcp" : false
		},
		{
			"remarks" : "",
			"id" : "57E31FA7BD028C564FC67640C673E720",
			"server" : "213.32.126.114",
			"server_port" : 65432,
			"server_udp_port" : 0,
			"password" : "azuz",
			"method" : "none",
			"protocol" : "auth_chain_a",
			"protocolparam" : "",
			"obfs" : "tls1.2_ticket_auth",
			"obfsparam" : "",
			"remarks_base64" : "",
			"group" : "",
			"enable" : true,
			"udp_over_tcp" : false
		},
		{
			"remarks" : "俄罗斯无限流量",
			"id" : "FA7453A740A909A55B6BCEFE08EB15C6",
			"server" : "185.173.93.6",
			"server_port" : 59103,
			"server_udp_port" : 0,
			"password" : "zq591031664@@@",
			"method" : "rc4-md5",
			"protocol" : "origin",
			"protocolparam" : "",
			"obfs" : "plain",
			"obfsparam" : "",
			"remarks_base64" : "5L-E572X5pav5peg6ZmQ5rWB6YeP",
			"group" : "俄罗斯无限流量",
			"enable" : true,
			"udp_over_tcp" : false
		},
		{
			"remarks" : "【新加坡②】微软Azure机房",
			"id" : "46A9149BD5F676602ECCB39D0E4B857A",
			"server" : "az-sg2.shadowsocks-r.me",
			"server_port" : 52543,
			"server_udp_port" : 0,
			"password" : "azuz",
			"method" : "none",
			"protocol" : "auth_chain_a",
			"protocolparam" : "",
			"obfs" : "tls1.2_ticket_auth",
			"obfsparam" : "",
			"remarks_base64" : "44CQ5paw5Yqg5Z2h4pGh44CR5b6u6L2vQXp1cmXmnLrmiL8",
			"group" : "Globalss",
			"enable" : true,
			"udp_over_tcp" : false
		},
		{
			"remarks" : "【新加坡③】微软Azure机房",
			"id" : "3F029BAF85751B4568264D60B5A5F038",
			"server" : "az-sg3.shadowsocks-r.me",
			"server_port" : 52543,
			"server_udp_port" : 0,
			"password" : "azuz",
			"method" : "none",
			"protocol" : "auth_chain_a",
			"protocolparam" : "",
			"obfs" : "tls1.2_ticket_auth",
			"obfsparam" : "",
			"remarks_base64" : "44CQ5paw5Yqg5Z2h4pGi44CR5b6u6L2vQXp1cmXmnLrmiL8",
			"group" : "Globalss",
			"enable" : true,
			"udp_over_tcp" : false
		},
		{
			"remarks" : "【新加坡④】微软Azure机房",
			"id" : "E93E38D6D52599A668ABAA4BD0656526",
			"server" : "az-sg4.shadowsocks-r.me",
			"server_port" : 52543,
			"server_udp_port" : 0,
			"password" : "azuz",
			"method" : "none",
			"protocol" : "auth_chain_a",
			"protocolparam" : "",
			"obfs" : "tls1.2_ticket_auth",
			"obfsparam" : "",
			"remarks_base64" : "44CQ5paw5Yqg5Z2h4pGj44CR5b6u6L2vQXp1cmXmnLrmiL8",
			"group" : "Globalss",
			"enable" : true,
			"udp_over_tcp" : false
		},
		{
			"remarks" : "【新加坡⑤】微软Azure机房",
			"id" : "BCB56AF347494D21AF059FF98E2F8B39",
			"server" : "az-sg5.shadowsocks-r.me",
			"server_port" : 52543,
			"server_udp_port" : 0,
			"password" : "azuz",
			"method" : "none",
			"protocol" : "auth_chain_a",
			"protocolparam" : "",
			"obfs" : "tls1.2_ticket_auth",
			"obfsparam" : "",
			"remarks_base64" : "44CQ5paw5Yqg5Z2h4pGk44CR5b6u6L2vQXp1cmXmnLrmiL8",
			"group" : "Globalss",
			"enable" : true,
			"udp_over_tcp" : false
		},
		{
			"remarks" : "【洛杉矶①】CN1优化线路",
			"id" : "424D97CC77DCA20D2B1C583CA093C82F",
			"server" : "dgc-la1.shadowsocks-r.me",
			"server_port" : 52543,
			"server_udp_port" : 0,
			"password" : "azuz",
			"method" : "none",
			"protocol" : "auth_chain_a",
			"protocolparam" : "",
			"obfs" : "tls1.2_ticket_auth",
			"obfsparam" : "",
			"remarks_base64" : "44CQ5rSb5p2J55-24pGg44CRQ04x5LyY5YyW57q_6Lev",
			"group" : "Globalss",
			"enable" : true,
			"udp_over_tcp" : false
		},
		{
			"remarks" : "【洛杉矶②】CN1优化线路",
			"id" : "727D6C844F6199AFBF570FF4BEE42087",
			"server" : "dgc-la2.shadowsocks-r.me",
			"server_port" : 52543,
			"server_udp_port" : 0,
			"password" : "azuz",
			"method" : "none",
			"protocol" : "auth_chain_a",
			"protocolparam" : "",
			"obfs" : "tls1.2_ticket_auth",
			"obfsparam" : "",
			"remarks_base64" : "44CQ5rSb5p2J55-24pGh44CRQ04x5LyY5YyW57q_6Lev",
			"group" : "Globalss",
			"enable" : true,
			"udp_over_tcp" : false
		},
		{
			"remarks" : "【Ⅰ.韩国ST①】Kdatacenter",
			"id" : "B6AC0F3B1AAF15636742A9ACE4D0A5DB",
			"server" : "st1.shadowsocks-r.me",
			"server_port" : 52543,
			"server_udp_port" : 0,
			"password" : "azuz",
			"method" : "none",
			"protocol" : "auth_chain_a",
			"protocolparam" : "",
			"obfs" : "tls1.2_ticket_auth",
			"obfsparam" : "",
			"remarks_base64" : "44CQ4oWgLumfqeWbvVNU4pGg44CRS2RhdGFjZW50ZXI",
			"group" : "Globalss",
			"enable" : true,
			"udp_over_tcp" : false
		},
		{
			"remarks" : "【香港①】 SunnyVision新立讯",
			"id" : "F5B1A253B9D021A7E6CE7EAF8541F74F",
			"server" : "fy-hk1.shadowsocks-r.me",
			"server_port" : 52543,
			"server_udp_port" : 0,
			"password" : "azuz",
			"method" : "none",
			"protocol" : "auth_chain_a",
			"protocolparam" : "",
			"obfs" : "tls1.2_ticket_auth",
			"obfsparam" : "",
			"remarks_base64" : "44CQ6aaZ5riv4pGg44CRIFN1bm55VmlzaW9u5paw56uL6K6v",
			"group" : "Globalss",
			"enable" : true,
			"udp_over_tcp" : false
		},
		{
			"remarks" : "【Ⅰ.香港③-HKBN线路】",
			"id" : "B4F088E7CF304A8CF6B99346B289D7F0",
			"server" : "hkbn1.shadowsocks-r.me",
			"server_port" : 52543,
			"server_udp_port" : 0,
			"password" : "azuz",
			"method" : "none",
			"protocol" : "auth_chain_a",
			"protocolparam" : "",
			"obfs" : "tls1.2_ticket_auth",
			"obfsparam" : "",
			"remarks_base64" : "44CQ4oWgLummmea4r-KRoi1IS0JO57q_6Lev44CR",
			"group" : "Globalss",
			"enable" : true,
			"udp_over_tcp" : false
		},
		{
			"remarks" : "【Ⅰ.台湾①】全新线路-推荐使用",
			"id" : "6C427A8AE8F1E011DDA2449C35D85165",
			"server" : "tw1.shadowsocks-r.me",
			"server_port" : 52543,
			"server_udp_port" : 0,
			"password" : "azuz",
			"method" : "none",
			"protocol" : "auth_chain_a",
			"protocolparam" : "",
			"obfs" : "tls1.2_ticket_auth",
			"obfsparam" : "",
			"remarks_base64" : "44CQ4oWgLuWPsOa5vuKRoOOAkeWFqOaWsOe6v-i3ry3mjqjojZDkvb_nlKg",
			"group" : "Globalss",
			"enable" : true,
			"udp_over_tcp" : false
		},
		{
			"remarks" : "【Ⅰ.日本①】New-推荐",
			"id" : "FB0D9E82494C942A223024E2B9B3E671",
			"server" : "jp1.shadowsocks-r.me",
			"server_port" : 52543,
			"server_udp_port" : 0,
			"password" : "azuz",
			"method" : "none",
			"protocol" : "auth_chain_a",
			"protocolparam" : "",
			"obfs" : "tls1.2_ticket_auth",
			"obfsparam" : "",
			"remarks_base64" : "44CQ4oWgLuaXpeacrOKRoOOAkU5ldy3mjqjojZA",
			"group" : "Globalss",
			"enable" : true,
			"udp_over_tcp" : false
		},
		{
			"remarks" : "【Ⅰ.香港WTT线路】推荐使用",
			"id" : "CE81F5569CC51F245EF16216D0223900",
			"server" : "hkwtt1.shadowsocks-r.me",
			"server_port" : 52543,
			"server_udp_port" : 0,
			"password" : "azuz",
			"method" : "none",
			"protocol" : "auth_chain_a",
			"protocolparam" : "",
			"obfs" : "tls1.2_ticket_auth",
			"obfsparam" : "",
			"remarks_base64" : "44CQ4oWgLummmea4r1dUVOe6v-i3r-OAkeaOqOiNkOS9v-eUqA",
			"group" : "Globalss",
			"enable" : true,
			"udp_over_tcp" : false
		},
		{
			"remarks" : "",
			"id" : "D7F0E407F14646C4D1C79DB69496F353",
			"server" : "213.32.126.114",
			"server_port" : 65432,
			"server_udp_port" : 0,
			"password" : "azuz",
			"method" : "none",
			"protocol" : "auth_chain_a",
			"protocolparam" : "",
			"obfs" : "tls1.2_ticket_auth",
			"obfsparam" : "",
			"remarks_base64" : "",
			"group" : "Amone",
			"enable" : true,
			"udp_over_tcp" : false
		},
		{
			"remarks" : "中国-1-BGP-天津-等级0 - 587 端口单端口多用户",
			"id" : "A1371040EA1412913827804BDEB61EEC",
			"server" : "cn1.freeshadow.tk",
			"server_port" : 587,
			"server_udp_port" : 0,
			"password" : "Random",
			"method" : "aes-256-ctr",
			"protocol" : "auth_aes128_md5",
			"protocolparam" : "687:Z57Ufh",
			"obfs" : "tls1.2_ticket_auth",
			"obfsparam" : "smtp.office365.com",
			"remarks_base64" : "5Lit5Zu9LTEtQkdQLeWkqea0pS3nrYnnuqcwIC0gNTg3IOerr-WPo-WNleerr-WPo-WkmueUqOaItw",
			"group" : "FreeShadow - 单端口多用户",
			"enable" : true,
			"udp_over_tcp" : false
		},
		{
			"remarks" : "临时-新加坡-阿里云-等级1 - 587 端口单端口多用户",
			"id" : "B8870C43B3D93A9F76C3FCCAB79651F9",
			"server" : "temp3.freeshadow.tk",
			"server_port" : 587,
			"server_udp_port" : 0,
			"password" : "Random",
			"method" : "aes-256-ctr",
			"protocol" : "auth_aes128_md5",
			"protocolparam" : "687:Z57Ufh",
			"obfs" : "tls1.2_ticket_auth",
			"obfsparam" : "smtp.office365.com",
			"remarks_base64" : "5Li05pe2LeaWsOWKoOWdoS3pmL_ph4zkupEt562J57qnMSAtIDU4NyDnq6_lj6PljZXnq6_lj6PlpJrnlKjmiLc",
			"group" : "FreeShadow - 单端口多用户",
			"enable" : true,
			"udp_over_tcp" : false
		},
		{
			"remarks" : "临时-香港-阿里云-NF-等级1 - 587 端口单端口多用户",
			"id" : "1125C33D707A39162DB78259F2685F00",
			"server" : "temp2.freeshadow.tk",
			"server_port" : 587,
			"server_udp_port" : 0,
			"password" : "Random",
			"method" : "aes-256-ctr",
			"protocol" : "auth_aes128_md5",
			"protocolparam" : "687:Z57Ufh",
			"obfs" : "tls1.2_ticket_auth",
			"obfsparam" : "smtp.office365.com",
			"remarks_base64" : "5Li05pe2Lemmmea4ry3pmL_ph4zkupEtTkYt562J57qnMSAtIDU4NyDnq6_lj6PljZXnq6_lj6PlpJrnlKjmiLc",
			"group" : "FreeShadow - 单端口多用户",
			"enable" : true,
			"udp_over_tcp" : false
		},
		{
			"remarks" : "俄罗斯-1-伯力-等级1 - 587 端口单端口多用户",
			"id" : "CF3CA5311F9F77E83DEFE80A600871CF",
			"server" : "ru1.freeshadow.tk",
			"server_port" : 587,
			"server_udp_port" : 0,
			"password" : "Random",
			"method" : "aes-256-ctr",
			"protocol" : "auth_aes128_md5",
			"protocolparam" : "687:Z57Ufh",
			"obfs" : "tls1.2_ticket_auth",
			"obfsparam" : "smtp.office365.com",
			"remarks_base64" : "5L-E572X5pavLTEt5Lyv5YqbLeetiee6pzEgLSA1ODcg56uv5Y-j5Y2V56uv5Y-j5aSa55So5oi3",
			"group" : "FreeShadow - 单端口多用户",
			"enable" : true,
			"udp_over_tcp" : false
		},
		{
			"remarks" : "俄罗斯-2-低倍率-莫斯科-NF-等级1 - 587 端口单端口多用户",
			"id" : "927F41E2D4C0C32AA64E44D24DCFBA80",
			"server" : "ru2.freeshadow.tk",
			"server_port" : 587,
			"server_udp_port" : 0,
			"password" : "Random",
			"method" : "aes-256-ctr",
			"protocol" : "auth_aes128_md5",
			"protocolparam" : "687:Z57Ufh",
			"obfs" : "tls1.2_ticket_auth",
			"obfsparam" : "smtp.office365.com",
			"remarks_base64" : "5L-E572X5pavLTIt5L2O5YCN546HLeiOq-aWr-enkS1ORi3nrYnnuqcxIC0gNTg3IOerr-WPo-WNleerr-WPo-WkmueUqOaItw",
			"group" : "FreeShadow - 单端口多用户",
			"enable" : true,
			"udp_over_tcp" : false
		},
		{
			"remarks" : "加拿大-1-低倍率无版权-等级0 - 587 端口单端口多用户",
			"id" : "DDAAF87CA8DD05FD5542BDD0296BE49B",
			"server" : "ca1.freeshadow.tk",
			"server_port" : 587,
			"server_udp_port" : 0,
			"password" : "Random",
			"method" : "aes-256-ctr",
			"protocol" : "auth_aes128_md5",
			"protocolparam" : "687:Z57Ufh",
			"obfs" : "tls1.2_ticket_auth",
			"obfsparam" : "smtp.office365.com",
			"remarks_base64" : "5Yqg5ou_5aSnLTEt5L2O5YCN546H5peg54mI5p2DLeetiee6pzAgLSA1ODcg56uv5Y-j5Y2V56uv5Y-j5aSa55So5oi3",
			"group" : "FreeShadow - 单端口多用户",
			"enable" : true,
			"udp_over_tcp" : false
		},
		{
			"remarks" : "加拿大-2-低倍率无版权-等级0 - 587 端口单端口多用户",
			"id" : "1FAD0B24C71AD28B1F2D577EEA88E952",
			"server" : "ca2.freeshadow.tk",
			"server_port" : 587,
			"server_udp_port" : 0,
			"password" : "Random",
			"method" : "aes-256-ctr",
			"protocol" : "auth_aes128_md5",
			"protocolparam" : "687:Z57Ufh",
			"obfs" : "tls1.2_ticket_auth",
			"obfsparam" : "smtp.office365.com",
			"remarks_base64" : "5Yqg5ou_5aSnLTIt5L2O5YCN546H5peg54mI5p2DLeetiee6pzAgLSA1ODcg56uv5Y-j5Y2V56uv5Y-j5aSa55So5oi3",
			"group" : "FreeShadow - 单端口多用户",
			"enable" : true,
			"udp_over_tcp" : false
		},
		{
			"remarks" : "印度-1-AWS-等级0 - 587 端口单端口多用户",
			"id" : "E2CA8495B968DBDDBF3B06833D7F8E1A",
			"server" : "in1.freeshadow.tk",
			"server_port" : 587,
			"server_udp_port" : 0,
			"password" : "Random",
			"method" : "aes-256-ctr",
			"protocol" : "auth_aes128_md5",
			"protocolparam" : "687:Z57Ufh",
			"obfs" : "tls1.2_ticket_auth",
			"obfsparam" : "smtp.office365.com",
			"remarks_base64" : "5Y2w5bqmLTEtQVdTLeetiee6pzAgLSA1ODcg56uv5Y-j5Y2V56uv5Y-j5aSa55So5oi3",
			"group" : "FreeShadow - 单端口多用户",
			"enable" : true,
			"udp_over_tcp" : false
		},
		{
			"remarks" : "备用节点-德国1-AWS - 587 端口单端口多用户",
			"id" : "FC920D920009657F76AB351DC5855FFA",
			"server" : "safe.node.8.freeshadow.tk",
			"server_port" : 587,
			"server_udp_port" : 0,
			"password" : "Random",
			"method" : "aes-256-ctr",
			"protocol" : "auth_aes128_md5",
			"protocolparam" : "687:Z57Ufh",
			"obfs" : "tls1.2_ticket_auth",
			"obfsparam" : "smtp.office365.com",
			"remarks_base64" : "5aSH55So6IqC54K5LeW-t-WbvTEtQVdTIC0gNTg3IOerr-WPo-WNleerr-WPo-WkmueUqOaItw",
			"group" : "FreeShadow - 单端口多用户",
			"enable" : true,
			"udp_over_tcp" : false
		},
		{
			"remarks" : "备用节点-新加坡1-AWS - 587 端口单端口多用户",
			"id" : "F10D5228011BF3EB16C585D92CB2C59D",
			"server" : "safe.node.2.freeshadow.tk",
			"server_port" : 587,
			"server_udp_port" : 0,
			"password" : "Random",
			"method" : "aes-256-ctr",
			"protocol" : "auth_aes128_md5",
			"protocolparam" : "687:Z57Ufh",
			"obfs" : "tls1.2_ticket_auth",
			"obfsparam" : "smtp.office365.com",
			"remarks_base64" : "5aSH55So6IqC54K5LeaWsOWKoOWdoTEtQVdTIC0gNTg3IOerr-WPo-WNleerr-WPo-WkmueUqOaItw",
			"group" : "FreeShadow - 单端口多用户",
			"enable" : true,
			"udp_over_tcp" : false
		},
		{
			"remarks" : "备用节点-新加坡2-AWS - 587 端口单端口多用户",
			"id" : "0351CE6EBCFAE0C4B3F818D0F7BD9FF6",
			"server" : "safe.node.7.freeshadow.tk",
			"server_port" : 587,
			"server_udp_port" : 0,
			"password" : "Random",
			"method" : "aes-256-ctr",
			"protocol" : "auth_aes128_md5",
			"protocolparam" : "687:Z57Ufh",
			"obfs" : "tls1.2_ticket_auth",
			"obfsparam" : "smtp.office365.com",
			"remarks_base64" : "5aSH55So6IqC54K5LeaWsOWKoOWdoTItQVdTIC0gNTg3IOerr-WPo-WNleerr-WPo-WkmueUqOaItw",
			"group" : "FreeShadow - 单端口多用户",
			"enable" : true,
			"udp_over_tcp" : false
		},
		{
			"remarks" : "备用节点-日本-3-AWS - 587 端口单端口多用户",
			"id" : "33B72E4E132E46FA9705E149A9DDCB87",
			"server" : "safe.node.6.freeshadow.tk",
			"server_port" : 587,
			"server_udp_port" : 0,
			"password" : "Random",
			"method" : "aes-256-ctr",
			"protocol" : "auth_aes128_md5",
			"protocolparam" : "687:Z57Ufh",
			"obfs" : "tls1.2_ticket_auth",
			"obfsparam" : "smtp.office365.com",
			"remarks_base64" : "5aSH55So6IqC54K5LeaXpeacrC0zLUFXUyAtIDU4NyDnq6_lj6PljZXnq6_lj6PlpJrnlKjmiLc",
			"group" : "FreeShadow - 单端口多用户",
			"enable" : true,
			"udp_over_tcp" : false
		},
		{
			"remarks" : "备用节点-日本1-AWS - 587 端口单端口多用户",
			"id" : "F51780D5ABB6741A87B48CED87EDE826",
			"server" : "safe.node.1.freeshadow.tk",
			"server_port" : 587,
			"server_udp_port" : 0,
			"password" : "Random",
			"method" : "aes-256-ctr",
			"protocol" : "auth_aes128_md5",
			"protocolparam" : "687:Z57Ufh",
			"obfs" : "tls1.2_ticket_auth",
			"obfsparam" : "smtp.office365.com",
			"remarks_base64" : "5aSH55So6IqC54K5LeaXpeacrDEtQVdTIC0gNTg3IOerr-WPo-WNleerr-WPo-WkmueUqOaItw",
			"group" : "FreeShadow - 单端口多用户",
			"enable" : true,
			"udp_over_tcp" : false
		},
		{
			"remarks" : "备用节点-日本2-KGGOYA - 587 端口单端口多用户",
			"id" : "E599F82EA1D865FC78CB8CF6217A1311",
			"server" : "safe.node.5.freeshadow.tk",
			"server_port" : 587,
			"server_udp_port" : 0,
			"password" : "Random",
			"method" : "aes-256-ctr",
			"protocol" : "auth_aes128_md5",
			"protocolparam" : "687:Z57Ufh",
			"obfs" : "tls1.2_ticket_auth",
			"obfsparam" : "smtp.office365.com",
			"remarks_base64" : "5aSH55So6IqC54K5LeaXpeacrDItS0dHT1lBIC0gNTg3IOerr-WPo-WNleerr-WPo-WkmueUqOaItw",
			"group" : "FreeShadow - 单端口多用户",
			"enable" : true,
			"udp_over_tcp" : false
		},
		{
			"remarks" : "备用节点-美国1-AWS - 587 端口单端口多用户",
			"id" : "E5D3A3F2541DACF8F2DCF147565C56BB",
			"server" : "safe.node.4.freeshadow.tk",
			"server_port" : 587,
			"server_udp_port" : 0,
			"password" : "Random",
			"method" : "aes-256-ctr",
			"protocol" : "auth_aes128_md5",
			"protocolparam" : "687:Z57Ufh",
			"obfs" : "tls1.2_ticket_auth",
			"obfsparam" : "smtp.office365.com",
			"remarks_base64" : "5aSH55So6IqC54K5Lee-juWbvTEtQVdTIC0gNTg3IOerr-WPo-WNleerr-WPo-WkmueUqOaItw",
			"group" : "FreeShadow - 单端口多用户",
			"enable" : true,
			"udp_over_tcp" : false
		},
		{
			"remarks" : "备用节点-美国2-AWS - 587 端口单端口多用户",
			"id" : "47717CEB7FEDD55D08F89CC0A89337F0",
			"server" : "safe.node.9.freeshadow.tk",
			"server_port" : 587,
			"server_udp_port" : 0,
			"password" : "Random",
			"method" : "aes-256-ctr",
			"protocol" : "auth_aes128_md5",
			"protocolparam" : "687:Z57Ufh",
			"obfs" : "tls1.2_ticket_auth",
			"obfsparam" : "smtp.office365.com",
			"remarks_base64" : "5aSH55So6IqC54K5Lee-juWbvTItQVdTIC0gNTg3IOerr-WPo-WNleerr-WPo-WkmueUqOaItw",
			"group" : "FreeShadow - 单端口多用户",
			"enable" : true,
			"udp_over_tcp" : false
		},
		{
			"remarks" : "备用节点-英国1-AWS - 587 端口单端口多用户",
			"id" : "BAB5D876DAF250EBB900E1BDF5EA8210",
			"server" : "safe.node.3.freeshadow.tk",
			"server_port" : 587,
			"server_udp_port" : 0,
			"password" : "Random",
			"method" : "aes-256-ctr",
			"protocol" : "auth_aes128_md5",
			"protocolparam" : "687:Z57Ufh",
			"obfs" : "tls1.2_ticket_auth",
			"obfsparam" : "smtp.office365.com",
			"remarks_base64" : "5aSH55So6IqC54K5LeiLseWbvTEtQVdTIC0gNTg3IOerr-WPo-WNleerr-WPo-WkmueUqOaItw",
			"group" : "FreeShadow - 单端口多用户",
			"enable" : true,
			"udp_over_tcp" : false
		},
		{
			"remarks" : "备用节点-韩国1 - 587 端口单端口多用户",
			"id" : "F3BAA4799C7BA3E5772975D77F9E2B50",
			"server" : "safe.node.10.freeshadow.tk",
			"server_port" : 587,
			"server_udp_port" : 0,
			"password" : "Random",
			"method" : "aes-256-ctr",
			"protocol" : "auth_aes128_md5",
			"protocolparam" : "687:Z57Ufh",
			"obfs" : "tls1.2_ticket_auth",
			"obfsparam" : "smtp.office365.com",
			"remarks_base64" : "5aSH55So6IqC54K5LemfqeWbvTEgLSA1ODcg56uv5Y-j5Y2V56uv5Y-j5aSa55So5oi3",
			"group" : "FreeShadow - 单端口多用户",
			"enable" : true,
			"udp_over_tcp" : false
		},
		{
			"remarks" : "德国-1-AWS-等级0 - 587 端口单端口多用户",
			"id" : "299C803D3BBC56D65DFB24A1D2E8FBC1",
			"server" : "de1.freeshadow.tk",
			"server_port" : 587,
			"server_udp_port" : 0,
			"password" : "Random",
			"method" : "aes-256-ctr",
			"protocol" : "auth_aes128_md5",
			"protocolparam" : "687:Z57Ufh",
			"obfs" : "tls1.2_ticket_auth",
			"obfsparam" : "smtp.office365.com",
			"remarks_base64" : "5b635Zu9LTEtQVdTLeetiee6pzAgLSA1ODcg56uv5Y-j5Y2V56uv5Y-j5aSa55So5oi3",
			"group" : "FreeShadow - 单端口多用户",
			"enable" : true,
			"udp_over_tcp" : false
		},
		{
			"remarks" : "新加坡-1-AWS-等级0 - 587 端口单端口多用户",
			"id" : "FE544C909DB596F01EB9AA1BFAF6E061",
			"server" : "sg1.freeshadow.tk",
			"server_port" : 587,
			"server_udp_port" : 0,
			"password" : "Random",
			"method" : "aes-256-ctr",
			"protocol" : "auth_aes128_md5",
			"protocolparam" : "687:Z57Ufh",
			"obfs" : "tls1.2_ticket_auth",
			"obfsparam" : "smtp.office365.com",
			"remarks_base64" : "5paw5Yqg5Z2hLTEtQVdTLeetiee6pzAgLSA1ODcg56uv5Y-j5Y2V56uv5Y-j5aSa55So5oi3",
			"group" : "FreeShadow - 单端口多用户",
			"enable" : true,
			"udp_over_tcp" : false
		},
		{
			"remarks" : "新加坡-2-AWS-等级0 - 587 端口单端口多用户",
			"id" : "3B8AC3CCCF1AF0E4F5DE3234F8279597",
			"server" : "sg2.freeshadow.tk",
			"server_port" : 587,
			"server_udp_port" : 0,
			"password" : "Random",
			"method" : "aes-256-ctr",
			"protocol" : "auth_aes128_md5",
			"protocolparam" : "687:Z57Ufh",
			"obfs" : "tls1.2_ticket_auth",
			"obfsparam" : "smtp.office365.com",
			"remarks_base64" : "5paw5Yqg5Z2hLTItQVdTLeetiee6pzAgLSA1ODcg56uv5Y-j5Y2V56uv5Y-j5aSa55So5oi3",
			"group" : "FreeShadow - 单端口多用户",
			"enable" : true,
			"udp_over_tcp" : false
		},
		{
			"remarks" : "新加坡-3-AWS-等级0 - 587 端口单端口多用户",
			"id" : "0D4B7C8048C1D50415915609A2C62BC8",
			"server" : "sg3.freeshadow.tk",
			"server_port" : 587,
			"server_udp_port" : 0,
			"password" : "Random",
			"method" : "aes-256-ctr",
			"protocol" : "auth_aes128_md5",
			"protocolparam" : "687:Z57Ufh",
			"obfs" : "tls1.2_ticket_auth",
			"obfsparam" : "smtp.office365.com",
			"remarks_base64" : "5paw5Yqg5Z2hLTMtQVdTLeetiee6pzAgLSA1ODcg56uv5Y-j5Y2V56uv5Y-j5aSa55So5oi3",
			"group" : "FreeShadow - 单端口多用户",
			"enable" : true,
			"udp_over_tcp" : false
		},
		{
			"remarks" : "新加坡-4-Azure-等级1 - 587 端口单端口多用户",
			"id" : "85B3C74108046E6FA5C53B6D071D9F79",
			"server" : "sg4.freeshadow.tk",
			"server_port" : 587,
			"server_udp_port" : 0,
			"password" : "Random",
			"method" : "aes-256-ctr",
			"protocol" : "auth_aes128_md5",
			"protocolparam" : "687:Z57Ufh",
			"obfs" : "tls1.2_ticket_auth",
			"obfsparam" : "smtp.office365.com",
			"remarks_base64" : "5paw5Yqg5Z2hLTQtQXp1cmUt562J57qnMSAtIDU4NyDnq6_lj6PljZXnq6_lj6PlpJrnlKjmiLc",
			"group" : "FreeShadow - 单端口多用户",
			"enable" : true,
			"udp_over_tcp" : false
		},
		{
			"remarks" : "日本-1-AWS-等级0 - 587 端口单端口多用户",
			"id" : "A2A2685A3156B58F06226E5219F45E53",
			"server" : "jp1.freeshadow.tk",
			"server_port" : 587,
			"server_udp_port" : 0,
			"password" : "Random",
			"method" : "aes-256-ctr",
			"protocol" : "auth_aes128_md5",
			"protocolparam" : "687:Z57Ufh",
			"obfs" : "tls1.2_ticket_auth",
			"obfsparam" : "smtp.office365.com",
			"remarks_base64" : "5pel5pysLTEtQVdTLeetiee6pzAgLSA1ODcg56uv5Y-j5Y2V56uv5Y-j5aSa55So5oi3",
			"group" : "FreeShadow - 单端口多用户",
			"enable" : true,
			"udp_over_tcp" : false
		},
		{
			"remarks" : "日本-2-AWS-等级0 - 587 端口单端口多用户",
			"id" : "75395898847F0323B33BDFECCE4EF7B2",
			"server" : "jp2.freeshadow.tk",
			"server_port" : 587,
			"server_udp_port" : 0,
			"password" : "Random",
			"method" : "aes-256-ctr",
			"protocol" : "auth_aes128_md5",
			"protocolparam" : "687:Z57Ufh",
			"obfs" : "tls1.2_ticket_auth",
			"obfsparam" : "smtp.office365.com",
			"remarks_base64" : "5pel5pysLTItQVdTLeetiee6pzAgLSA1ODcg56uv5Y-j5Y2V56uv5Y-j5aSa55So5oi3",
			"group" : "FreeShadow - 单端口多用户",
			"enable" : true,
			"udp_over_tcp" : false
		},
		{
			"remarks" : "日本-3-AWS-等级0 - 587 端口单端口多用户",
			"id" : "160A62A88873AE61D804D2784F0BE1C6",
			"server" : "jp3.freeshadow.tk",
			"server_port" : 587,
			"server_udp_port" : 0,
			"password" : "Random",
			"method" : "aes-256-ctr",
			"protocol" : "auth_aes128_md5",
			"protocolparam" : "687:Z57Ufh",
			"obfs" : "tls1.2_ticket_auth",
			"obfsparam" : "smtp.office365.com",
			"remarks_base64" : "5pel5pysLTMtQVdTLeetiee6pzAgLSA1ODcg56uv5Y-j5Y2V56uv5Y-j5aSa55So5oi3",
			"group" : "FreeShadow - 单端口多用户",
			"enable" : true,
			"udp_over_tcp" : false
		},
		{
			"remarks" : "日本-4-AWS-等级0 - 587 端口单端口多用户",
			"id" : "29F2D350434E1A16F420BC613B791068",
			"server" : "jp4.freeshadow.tk",
			"server_port" : 587,
			"server_udp_port" : 0,
			"password" : "Random",
			"method" : "aes-256-ctr",
			"protocol" : "auth_aes128_md5",
			"protocolparam" : "687:Z57Ufh",
			"obfs" : "tls1.2_ticket_auth",
			"obfsparam" : "smtp.office365.com",
			"remarks_base64" : "5pel5pysLTQtQVdTLeetiee6pzAgLSA1ODcg56uv5Y-j5Y2V56uv5Y-j5aSa55So5oi3",
			"group" : "FreeShadow - 单端口多用户",
			"enable" : true,
			"udp_over_tcp" : false
		},
		{
			"remarks" : "澳门-CTM-清真赌场线路-NF-等级1 - 587 端口单端口多用户",
			"id" : "0C2E79A9EE730FE800F1D951796E59D1",
			"server" : "mo.freeshadow.tk",
			"server_port" : 587,
			"server_udp_port" : 0,
			"password" : "Random",
			"method" : "aes-256-ctr",
			"protocol" : "auth_aes128_md5",
			"protocolparam" : "687:Z57Ufh",
			"obfs" : "tls1.2_ticket_auth",
			"obfsparam" : "smtp.office365.com",
			"remarks_base64" : "5r6z6ZeoLUNUTS3muIXnnJ_otYzlnLrnur_ot68tTkYt562J57qnMSAtIDU4NyDnq6_lj6PljZXnq6_lj6PlpJrnlKjmiLc",
			"group" : "FreeShadow - 单端口多用户",
			"enable" : true,
			"udp_over_tcp" : false
		},
		{
			"remarks" : "罗马尼亚-1-低倍率无版权-等级1 - 587 端口单端口多用户",
			"id" : "FCE00422AB4B4374C5D3F9A70EBE8E25",
			"server" : "ro1.freeshadow.tk",
			"server_port" : 587,
			"server_udp_port" : 0,
			"password" : "Random",
			"method" : "aes-256-ctr",
			"protocol" : "auth_aes128_md5",
			"protocolparam" : "687:Z57Ufh",
			"obfs" : "tls1.2_ticket_auth",
			"obfsparam" : "smtp.office365.com",
			"remarks_base64" : "572X6ams5bC85LqaLTEt5L2O5YCN546H5peg54mI5p2DLeetiee6pzEgLSA1ODcg56uv5Y-j5Y2V56uv5Y-j5aSa55So5oi3",
			"group" : "FreeShadow - 单端口多用户",
			"enable" : true,
			"udp_over_tcp" : false
		},
		{
			"remarks" : "美国-1-低倍率-等级1 - 587 端口单端口多用户",
			"id" : "DF1632243002306F5A4FD1A829569B87",
			"server" : "us1.freeshadow.tk",
			"server_port" : 587,
			"server_udp_port" : 0,
			"password" : "Random",
			"method" : "aes-256-ctr",
			"protocol" : "auth_aes128_md5",
			"protocolparam" : "687:Z57Ufh",
			"obfs" : "tls1.2_ticket_auth",
			"obfsparam" : "smtp.office365.com",
			"remarks_base64" : "576O5Zu9LTEt5L2O5YCN546HLeetiee6pzEgLSA1ODcg56uv5Y-j5Y2V56uv5Y-j5aSa55So5oi3",
			"group" : "FreeShadow - 单端口多用户",
			"enable" : true,
			"udp_over_tcp" : false
		},
		{
			"remarks" : "美国-2-Phychz-洛杉矶-等级1 - 587 端口单端口多用户",
			"id" : "317B6776F7A24CD13A11F9E8E9AE8D60",
			"server" : "us2.freeshadow.tk",
			"server_port" : 587,
			"server_udp_port" : 0,
			"password" : "Random",
			"method" : "aes-256-ctr",
			"protocol" : "auth_aes128_md5",
			"protocolparam" : "687:Z57Ufh",
			"obfs" : "tls1.2_ticket_auth",
			"obfsparam" : "smtp.office365.com",
			"remarks_base64" : "576O5Zu9LTItUGh5Y2h6Lea0m-adieefti3nrYnnuqcxIC0gNTg3IOerr-WPo-WNleerr-WPo-WkmueUqOaItw",
			"group" : "FreeShadow - 单端口多用户",
			"enable" : true,
			"udp_over_tcp" : false
		},
		{
			"remarks" : "美国-3-AWS-俄勒冈-等级0 - 587 端口单端口多用户",
			"id" : "C5E8A93685C69D9EE5814C8D200CE8F6",
			"server" : "us3.freeshadow.tk",
			"server_port" : 587,
			"server_udp_port" : 0,
			"password" : "Random",
			"method" : "aes-256-ctr",
			"protocol" : "auth_aes128_md5",
			"protocolparam" : "687:Z57Ufh",
			"obfs" : "tls1.2_ticket_auth",
			"obfsparam" : "smtp.office365.com",
			"remarks_base64" : "576O5Zu9LTMtQVdTLeS_hOWLkuWGiC3nrYnnuqcwIC0gNTg3IOerr-WPo-WNleerr-WPo-WkmueUqOaItw",
			"group" : "FreeShadow - 单端口多用户",
			"enable" : true,
			"udp_over_tcp" : false
		},
		{
			"remarks" : "美国-4-GIA-洛杉矶-NF-等级1 - 587 端口单端口多用户",
			"id" : "405C4A319864CB6C838BD3A092043C12",
			"server" : "us4.freeshadow.tk",
			"server_port" : 587,
			"server_udp_port" : 0,
			"password" : "Random",
			"method" : "aes-256-ctr",
			"protocol" : "auth_aes128_md5",
			"protocolparam" : "687:Z57Ufh",
			"obfs" : "tls1.2_ticket_auth",
			"obfsparam" : "smtp.office365.com",
			"remarks_base64" : "576O5Zu9LTQtR0lBLea0m-adieefti1ORi3nrYnnuqcxIC0gNTg3IOerr-WPo-WNleerr-WPo-WkmueUqOaItw",
			"group" : "FreeShadow - 单端口多用户",
			"enable" : true,
			"udp_over_tcp" : false
		},
		{
			"remarks" : "美国-5-C3-洛杉矶-等级1 - 587 端口单端口多用户",
			"id" : "DED49C81BD7E3A16B53E7E7A30732770",
			"server" : "us5.freeshadow.tk",
			"server_port" : 587,
			"server_udp_port" : 0,
			"password" : "Random",
			"method" : "aes-256-ctr",
			"protocol" : "auth_aes128_md5",
			"protocolparam" : "687:Z57Ufh",
			"obfs" : "tls1.2_ticket_auth",
			"obfsparam" : "smtp.office365.com",
			"remarks_base64" : "576O5Zu9LTUtQzMt5rSb5p2J55-2Leetiee6pzEgLSA1ODcg56uv5Y-j5Y2V56uv5Y-j5aSa55So5oi3",
			"group" : "FreeShadow - 单端口多用户",
			"enable" : true,
			"udp_over_tcp" : false
		},
		{
			"remarks" : "美国-6-GIA-洛杉矶-NF-等级1 - 587 端口单端口多用户",
			"id" : "00ECB8EC138588877EEB253AD0869282",
			"server" : "us6.freeshadow.tk",
			"server_port" : 587,
			"server_udp_port" : 0,
			"password" : "Random",
			"method" : "aes-256-ctr",
			"protocol" : "auth_aes128_md5",
			"protocolparam" : "687:Z57Ufh",
			"obfs" : "tls1.2_ticket_auth",
			"obfsparam" : "smtp.office365.com",
			"remarks_base64" : "576O5Zu9LTYtR0lBLea0m-adieefti1ORi3nrYnnuqcxIC0gNTg3IOerr-WPo-WNleerr-WPo-WkmueUqOaItw",
			"group" : "FreeShadow - 单端口多用户",
			"enable" : true,
			"udp_over_tcp" : false
		},
		{
			"remarks" : "美国-7-AWS-佛尼吉亚-等级0 - 587 端口单端口多用户",
			"id" : "211524885B0B3C1AB2EC03A5790DD05B",
			"server" : "us7.freeshadow.tk",
			"server_port" : 587,
			"server_udp_port" : 0,
			"password" : "Random",
			"method" : "aes-256-ctr",
			"protocol" : "auth_aes128_md5",
			"protocolparam" : "687:Z57Ufh",
			"obfs" : "tls1.2_ticket_auth",
			"obfsparam" : "smtp.office365.com",
			"remarks_base64" : "576O5Zu9LTctQVdTLeS9m-WwvOWQieS6mi3nrYnnuqcwIC0gNTg3IOerr-WPo-WNleerr-WPo-WkmueUqOaItw",
			"group" : "FreeShadow - 单端口多用户",
			"enable" : true,
			"udp_over_tcp" : false
		},
		{
			"remarks" : "英国-1-AWS-等级0 - 587 端口单端口多用户",
			"id" : "135D27BCB956F421276B846B1E4841A1",
			"server" : "uk1.freeshadow.tk",
			"server_port" : 587,
			"server_udp_port" : 0,
			"password" : "Random",
			"method" : "aes-256-ctr",
			"protocol" : "auth_aes128_md5",
			"protocolparam" : "687:Z57Ufh",
			"obfs" : "tls1.2_ticket_auth",
			"obfsparam" : "smtp.office365.com",
			"remarks_base64" : "6Iux5Zu9LTEtQVdTLeetiee6pzAgLSA1ODcg56uv5Y-j5Y2V56uv5Y-j5aSa55So5oi3",
			"group" : "FreeShadow - 单端口多用户",
			"enable" : true,
			"udp_over_tcp" : false
		},
		{
			"remarks" : "韩国-1-KT-等级1 - 587 端口单端口多用户",
			"id" : "3A4C52A845F7386242BBD6E0A00595BF",
			"server" : "kr1.freeshadow.tk",
			"server_port" : 587,
			"server_udp_port" : 0,
			"password" : "Random",
			"method" : "aes-256-ctr",
			"protocol" : "auth_aes128_md5",
			"protocolparam" : "687:Z57Ufh",
			"obfs" : "tls1.2_ticket_auth",
			"obfsparam" : "smtp.office365.com",
			"remarks_base64" : "6Z-p5Zu9LTEtS1Qt562J57qnMSAtIDU4NyDnq6_lj6PljZXnq6_lj6PlpJrnlKjmiLc",
			"group" : "FreeShadow - 单端口多用户",
			"enable" : true,
			"udp_over_tcp" : false
		},
		{
			"remarks" : "香港-1-HGC-等级0 - 587 端口单端口多用户",
			"id" : "C0371D1A06717E439590078560318DE0",
			"server" : "hk1.freeshadow.tk",
			"server_port" : 587,
			"server_udp_port" : 0,
			"password" : "Random",
			"method" : "aes-256-ctr",
			"protocol" : "auth_aes128_md5",
			"protocolparam" : "687:Z57Ufh",
			"obfs" : "tls1.2_ticket_auth",
			"obfsparam" : "smtp.office365.com",
			"remarks_base64" : "6aaZ5rivLTEtSEdDLeetiee6pzAgLSA1ODcg56uv5Y-j5Y2V56uv5Y-j5aSa55So5oi3",
			"group" : "FreeShadow - 单端口多用户",
			"enable" : true,
			"udp_over_tcp" : false
		},
		{
			"remarks" : "香港-3-PCCW-适合游戏-NF-等级1 - 587 端口单端口多用户",
			"id" : "231B72082E80594E432FF6CCB1ED3F46",
			"server" : "hk3.freeshadow.tk",
			"server_port" : 587,
			"server_udp_port" : 0,
			"password" : "Random",
			"method" : "aes-256-ctr",
			"protocol" : "auth_aes128_md5",
			"protocolparam" : "687:Z57Ufh",
			"obfs" : "tls1.2_ticket_auth",
			"obfsparam" : "smtp.office365.com",
			"remarks_base64" : "6aaZ5rivLTMtUENDVy3pgILlkIjmuLjmiI8tTkYt562J57qnMSAtIDU4NyDnq6_lj6PljZXnq6_lj6PlpJrnlKjmiLc",
			"group" : "FreeShadow - 单端口多用户",
			"enable" : true,
			"udp_over_tcp" : false
		},
		{
			"remarks" : "香港-4-清真HKT-NF-等级1 - 587 端口单端口多用户",
			"id" : "B0815561A40BFD80D499EEAF06034F49",
			"server" : "hk4.freeshadow.tk",
			"server_port" : 587,
			"server_udp_port" : 0,
			"password" : "Random",
			"method" : "aes-256-ctr",
			"protocol" : "auth_aes128_md5",
			"protocolparam" : "687:Z57Ufh",
			"obfs" : "tls1.2_ticket_auth",
			"obfsparam" : "smtp.office365.com",
			"remarks_base64" : "6aaZ5rivLTQt5riF55yfSEtULU5GLeetiee6pzEgLSA1ODcg56uv5Y-j5Y2V56uv5Y-j5aSa55So5oi3",
			"group" : "FreeShadow - 单端口多用户",
			"enable" : true,
			"udp_over_tcp" : false
		},
		{
			"remarks" : "香港-5-清真WTT-NF-等级1 - 587 端口单端口多用户",
			"id" : "C2EDA24B84C44791DD98ACC0D408C785",
			"server" : "hk5.freeshadow.tk",
			"server_port" : 587,
			"server_udp_port" : 0,
			"password" : "Random",
			"method" : "aes-256-ctr",
			"protocol" : "auth_aes128_md5",
			"protocolparam" : "687:Z57Ufh",
			"obfs" : "tls1.2_ticket_auth",
			"obfsparam" : "smtp.office365.com",
			"remarks_base64" : "6aaZ5rivLTUt5riF55yfV1RULU5GLeetiee6pzEgLSA1ODcg56uv5Y-j5Y2V56uv5Y-j5aSa55So5oi3",
			"group" : "FreeShadow - 单端口多用户",
			"enable" : true,
			"udp_over_tcp" : false
		},
		{
			"remarks" : "香港2-PCCW-NF-等级1 - 587 端口单端口多用户",
			"id" : "65F56634A98F570A11CBBB3AFD492033",
			"server" : "hk2.freeshadow.tk",
			"server_port" : 587,
			"server_udp_port" : 0,
			"password" : "Random",
			"method" : "aes-256-ctr",
			"protocol" : "auth_aes128_md5",
			"protocolparam" : "687:Z57Ufh",
			"obfs" : "tls1.2_ticket_auth",
			"obfsparam" : "smtp.office365.com",
			"remarks_base64" : "6aaZ5rivMi1QQ0NXLU5GLeetiee6pzEgLSA1ODcg56uv5Y-j5Y2V56uv5Y-j5aSa55So5oi3",
			"group" : "FreeShadow - 单端口多用户",
			"enable" : true,
			"udp_over_tcp" : false
		}
	],
	"index" : 14,
	"random" : false,
	"sysProxyMode" : 3,
	"shareOverLan" : false,
	"localPort" : 1080,
	"localAuthPassword" : "FINerq-GRHsuM5orz7-p",
	"dnsServer" : "",
	"reconnectTimes" : 2,
	"randomAlgorithm" : 3,
	"randomInGroup" : false,
	"TTL" : 0,
	"connectTimeout" : 5,
	"proxyRuleMode" : 0,
	"proxyEnable" : false,
	"pacDirectGoProxy" : false,
	"proxyType" : 0,
	"proxyHost" : null,
	"proxyPort" : 0,
	"proxyAuthUser" : null,
	"proxyAuthPass" : null,
	"proxyUserAgent" : null,
	"authUser" : null,
	"authPass" : null,
	"autoBan" : false,
	"sameHostForSameTarget" : false,
	"keepVisitTime" : 180,
	"isHideTips" : true,
	"nodeFeedAutoUpdate" : true,
	"serverSubscribes" : [
		{
			"URL" : "http://ss.globalss.xyz/link/AvTKLLxQRlaxXDY3?mu=0 ",
			"Group" : "Globalss"
		},
		{
			"URL" : "https://freeshadow.tk/link/yQxsFeGtI7cxorob?mu=0",
			"Group" : "FreeShadow - 单端口多用户"
		}
	],
	"token" : {

	},
	"portMap" : {

	}
}