{
	"safe.node.4.freeshadow.tk" : {
		"totalUploadBytes" : 181391,
		"totalDownloadBytes" : 72932
	},
	"sg3.freeshadow.tk" : {
		"totalUploadBytes" : 362759,
		"totalDownloadBytes" : 30769477
	},
	"dgc-la1.shadowsocks-r.me" : {
		"totalUploadBytes" : 2390302,
		"totalDownloadBytes" : 24632270
	},
	"zoto-rs1.shadowsocks-r.me" : {
		"totalUploadBytes" : 586911138,
		"totalDownloadBytes" : 1938548684
	},
	"az-sg1.shadowsocks-r.me" : {
		"totalUploadBytes" : 407077327,
		"totalDownloadBytes" : 2842775466
	},
	"hkbn1.shadowsocks-r.me" : {
		"totalUploadBytes" : 46296038,
		"totalDownloadBytes" : 1879120998
	},
	"safe.node.2.freeshadow.tk" : {
		"totalUploadBytes" : 26862070,
		"totalDownloadBytes" : 385330761
	},
	"safe.node.1.freeshadow.tk" : {
		"totalUploadBytes" : 61140101,
		"totalDownloadBytes" : 1421309625
	},
	"213.32.126.114" : {
		"totalUploadBytes" : 1087358,
		"totalDownloadBytes" : 4629544
	},
	"180.188.197.239" : {
		"totalUploadBytes" : 22023905,
		"totalDownloadBytes" : 518587747
	},
	"az-sg2.shadowsocks-r.me" : {
		"totalUploadBytes" : 12465421,
		"totalDownloadBytes" : 155181974
	},
	"dgc-la2.shadowsocks-r.me" : {
		"totalUploadBytes" : 4806227,
		"totalDownloadBytes" : 89182560
	},
	"185.173.93.6" : {
		"totalUploadBytes" : 6699078,
		"totalDownloadBytes" : 7076656788
	},
	"az-sg3.shadowsocks-r.me" : {
		"totalUploadBytes" : 6578481,
		"totalDownloadBytes" : 501645451
	},
	"st1.shadowsocks-r.me" : {
		"totalUploadBytes" : 1349413,
		"totalDownloadBytes" : 443677996
	},
	"tw1.shadowsocks-r.me" : {
		"totalUploadBytes" : 4931154,
		"totalDownloadBytes" : 853794999
	},
	"jp1.shadowsocks-r.me" : {
		"totalUploadBytes" : 106547,
		"totalDownloadBytes" : 15997173
	}
}